epoch,loss,val_loss
0,1789.97994622,484.717524286
1,8839.12116919,355.169511361
